formula,pubchemformula,name,CAS,hazard,NO3,element,nitride,oxide,NH4,dichromate,chloride,H2O,acetate,carbonate,chromate,hydroxide,oxalate,hydride,chlorate,acid,nitrite,peroxide
Al(NO3)3,AlH18N3O18,Aluminium nitrate nonahydrate EMPLURA,7784-27-2,['H318'],1,0,0,0,0,0,0,0,0,0,0,0,0,0,0,0,0,0
Al,Al,Aluminum,7429-90-5,"['H228', 'H261']",0,1,0,0,0,0,0,0,0,0,0,0,0,0,0,0,0,0
AlN,AlN,Aluminum nitride,24304-00-5,"['H372', 'H400', 'H410']",0,0,1,0,0,0,0,0,0,0,0,0,0,0,0,0,0,0
Al2O3,Al2O3,"Aluminum oxide, mesoporous",1344-28-1,[],0,0,0,1,0,0,0,0,0,0,0,0,0,0,0,0,0,0
(NH4)2Cr2O7,Cr2H8N2O7,Ammonium dichromate,9/5/7789,"['H340', 'H317', 'H318', 'H400', 'H330', 'H314', 'H360', 'H334', 'H335', 'H312', 'H272', 'H410', 'H350', 'H372', 'H301']",0,0,0,0,1,1,0,0,0,0,0,0,0,0,0,0,0,0
H8Cl6N2Pt,Cl6H8N2Pt,Ammonium hexachloroplatinate(IV),16919-58-7,"['H334', 'H317', 'H301', 'H318']",0,0,0,0,1,0,1,0,0,0,0,0,0,0,0,0,0,0
H4NO3V,H4NO3V,Ammonium metavanadate,7803-55-6,"['H319', 'H332', 'H301', 'H411', 'H361fd', 'H372']",0,0,0,1,1,0,0,0,0,0,0,0,0,0,0,0,0,0
H4NO4Re,H4NO4Re,Ammonium perrhenate,13598-65-7,[],0,0,0,1,1,0,0,0,0,0,0,0,0,0,0,0,0,0
Sb,Sb,Antimony,7440-36-0,"['H373', 'H351']",0,1,0,0,0,0,0,0,0,0,0,0,0,0,0,0,0,0
O3Sb2,,Antimony(III) oxide,1309-64-4,['H351'],0,0,0,1,0,0,0,0,0,0,0,0,0,0,0,0,0,0
As,As,Arsenic,7440-38-2,"['H315', 'H318', 'H400', 'H410', 'H331', 'H350', 'H301']",0,1,0,0,0,0,0,0,0,0,0,0,0,0,0,0,0,0
As2O3,,Arsenic(III) oxide,1327-53-3,"['H318', 'H400', 'H314', 'H410', 'H350', 'H372', 'H300']",0,0,0,1,0,0,0,0,0,0,0,0,0,0,0,0,0,0
As2O5·xH2O,,Arsenic(V) oxide hydrate,12044-50-7,"['H400', 'H410', 'H331', 'H350', 'H300']",0,0,0,1,0,0,0,1,0,0,0,0,0,0,0,0,0,0
Ba,Ba,Barium,7440-39-3,"['H260', 'H318', 'H228', 'H314', 'H301']",0,1,0,0,0,0,0,0,0,0,0,0,0,0,0,0,0,0
C4H6BaO4,C4H6BaO4,Barium acetate,543-80-6,"['H332', 'H302']",0,0,0,0,0,0,0,0,1,0,0,0,0,0,0,0,0,0
BaCO3,CBaO3,Barium carbonate Technipur,513-77-9,['H302'],0,0,0,0,0,0,0,0,0,1,0,0,0,0,0,0,0,0
BaCl2,BaCl2,Barium chloride 99,10361-37-2,"['H319', 'H332', 'H301']",0,0,0,0,0,0,1,0,0,0,0,0,0,0,0,0,0,0
BaCrO4,BaCrO4,Barium chromate,10294-40-3,"['H302', 'H350', 'H332', 'H272']",0,0,0,0,0,0,0,0,0,0,1,0,0,0,0,0,0,0
Ba(OH)2·8H2O,,Barium hydroxide octahydrate EMPLURA,12230-71-6,"['H314', 'H332', 'H302']",0,0,0,0,0,0,0,1,0,0,0,1,0,0,0,0,0,0
BaN2O6,BaN2O6,Barium nitrate,10022-31-8,"['H332', 'H319', 'H301', 'H272']",1,0,0,0,0,0,0,0,0,0,0,0,0,0,0,0,0,0
BaO,BaO,Barium oxide,1304-28-5,"['H314', 'H332', 'H301', 'H318']",0,0,0,1,0,0,0,0,0,0,0,0,0,0,0,0,0,0
BaO2,BaO2,"Barium peroxide, anhydrous",1304-29-6,"['H318', 'H314', 'H332', 'H302', 'H272', 'H412']",0,0,0,1,0,0,0,0,0,0,0,0,0,0,0,0,0,1
BaO3Ti,BaO3Ti,Barium titanate(IV),12047-27-7,"['H332', 'H302']",0,0,0,1,0,0,0,0,0,0,0,0,0,0,0,0,0,0
BeO,BeO,Beryllium oxide,1304-56-9,"['H317', 'H315', 'H319', 'H330', 'H335', 'H350i', 'H372', 'H301']",0,0,0,1,0,0,0,0,0,0,0,0,0,0,0,0,0,0
Bi,Bi,Bismuth,7440-69-9,['H228'],0,1,0,0,0,0,0,0,0,0,0,0,0,0,0,0,0,0
BiN3O9·5H2O,BiH10N3O14,Bismuth(III) nitrate pentahydrate,10035-06-0,"['H272', 'H318']",1,0,0,0,0,0,0,1,0,0,0,0,0,0,0,0,0,0
Bi2O3,,Bismuth(III) oxide,1304-76-3,[],0,0,0,1,0,0,0,0,0,0,0,0,0,0,0,0,0,0
Cd,Cd,Cadmium,7440-43-9,"['H400', 'H330', 'H341', 'H361fd', 'H410', 'H350', 'H372']",0,1,0,0,0,0,0,0,0,0,0,0,0,0,0,0,0,0
CCdO3,CCdO3,Cadmium carbonate,513-78-0,"['H361', 'H340', 'H400', 'H330', 'H302', 'H312', 'H410', 'H350', 'H372']",0,0,0,0,0,0,0,0,0,1,0,0,0,0,0,0,0,0
CdO,CdO,Cadmium oxide fine powder EMPLURA,1306-19-0,"['H400', 'H330', 'H341', 'H361fd', 'H410', 'H350', 'H372']",0,0,0,1,0,0,0,0,0,0,0,0,0,0,0,0,0,0
Ca,Ca,Calcium,7440-70-2,['H261'],0,1,0,0,0,0,0,0,0,0,0,0,0,0,0,0,0,0
CCaO3,CCaO3,Calcium carbonate,471-34-1,[],0,0,0,0,0,0,0,0,0,1,0,0,0,0,0,0,0,0
CaN2O6·4H2O,CaH8N2O10,Calcium nitrate tetrahydrate,13477-34-4,"['H302', 'H318']",1,0,0,0,0,0,0,1,0,0,0,0,0,0,0,0,0,0
CaO,CaO,Calcium oxide from marble small lumps CA,1305-78-8,"['H335', 'H315', 'H318']",0,0,0,1,0,0,0,0,0,0,0,0,0,0,0,0,0,0
CeO2,,Cerium(IV) oxide-gadolinium doped,,[],0,0,0,1,0,0,0,0,0,0,0,0,0,0,0,0,0,0
Ce,Ce,"Cerium, ingot, under oil, 99",7440-45-1,['H228'],0,1,0,0,0,0,0,0,0,0,0,0,0,0,0,0,0,0
Cs,Cs,Cesium,7440-46-2,"['H260', 'H314']",0,1,0,0,0,0,0,0,0,0,0,0,0,0,0,0,0,0
Cs2CO3,CCs2O3,Cesium carbonate extra pure,534-17-8,"['H361f', 'H373', 'H318']",0,0,0,0,0,0,0,0,0,1,0,0,0,0,0,0,0,0
ClCs,ClCs,Cesium chloride,7647-17-8,['H361f'],0,0,0,0,0,0,1,0,0,0,0,0,0,0,0,0,0,0
CsNO3,CsNO3,Cesium nitrate 99,7789-18-6,"['H271', 'H302']",1,0,0,0,0,0,0,0,0,0,0,0,0,0,0,0,0,0
Cr(NO3)3·9H2O,CrH18N3O18,Chromium(III) nitrate nonahydrate for,2/8/7789,"['H317', 'H319', 'H315', 'H272', 'H412']",1,0,0,0,0,0,0,1,0,0,0,0,0,0,0,0,0,0
Cr2O3,Cr2O3,Chromium(III) oxide anhydrous Technipur,1308-38-9,[],0,0,0,1,0,0,0,0,0,0,0,0,0,0,0,0,0,0
CrO3,CrO3,Chromium(VI) oxide for analysis EMSURE,1333-82-0,"['H361f', 'H340', 'H317', 'H318', 'H400', 'H271', 'H330', 'H314', 'H311', 'H334', 'H335', 'H410', 'H350', 'H372', 'H301']",0,0,0,1,0,0,0,0,0,0,0,0,0,0,0,0,0,0
C4H6CoO4·4H2O,C4H14CoO8,Cobalt(II) acetate tetrahydrate,6147-53-1,"['H317', 'H319', 'H400', 'H302', 'H341', 'H334', 'H410', 'H350i', 'H360F']",0,0,0,0,0,0,0,1,1,0,0,0,0,0,0,0,0,0
CCoO3·xH2O,CH2CoO4,Cobalt(II) carbonate hydrate,57454-67-8,"['H317', 'H319', 'H315', 'H302', 'H335', 'H351']",0,0,0,0,0,0,0,1,0,1,0,0,0,0,0,0,0,0
H2CoO2,,Cobalt(II) hydroxide,21041-93-0,"['H317', 'H319', 'H400', 'H330', 'H302', 'H360', 'H334', 'H411', 'H410', 'H350']",0,0,0,0,0,0,0,0,0,0,0,1,0,0,0,0,0,0
Co(NO3)2·6H2O,CoH12N2O12,Cobalt(II) nitrate hexahydrate for analysis,10026-22-9,"['H317', 'H318', 'H400', 'H360FD', 'H302', 'H341', 'H334', 'H272', 'H410', 'H350i', 'H373', 'H360F']",1,0,0,0,0,0,0,1,0,0,0,0,0,0,0,0,0,0
CoO,CoO,"Cobalt(II) oxide, nanopowder",1307-96-6,"['H317', 'H360F', 'H400', 'H330', 'H334', 'H410', 'H350i', 'H301']",0,0,0,1,0,0,0,0,0,0,0,0,0,0,0,0,0,0
Co3O4,,"Cobalt(II,III) oxide",1308-06-1,"['H317', 'H334', 'H350i', 'H413', 'H372', 'H412']",0,0,0,1,0,0,0,0,0,0,0,0,0,0,0,0,0,0
Cu,Cu,Copper,7440-50-8,"['H400', 'H228', 'H302', 'H410', 'H331']",0,1,0,0,0,0,0,0,0,0,0,0,0,0,0,0,0,0
CuO,CuO,Copper oxide wire about 0,1317-38-0,"['H410', 'H400']",0,0,0,1,0,0,0,0,0,0,0,0,0,0,0,0,0,0
Cu2O,,Copper(I) oxide,1317-39-1,"['H318', 'H400', 'H332', 'H302', 'H410']",0,0,0,1,0,0,0,0,0,0,0,0,0,0,0,0,0,0
B2O3,B2O3,di-Boron trioxide for silicate analysis,1303-86-2,['H360FD'],0,0,0,1,0,0,0,0,0,0,0,0,0,0,0,0,0,0
Dy2O3,Dy2O3,Dysprosium(III) oxide,1308-87-8,[],0,0,0,1,0,0,0,0,0,0,0,0,0,0,0,0,0,0
Er(NO3)3·5H2O,ErH10N3O14,Erbium(III) nitrate pentahydrate,10031-51-3,"['H335', 'H315', 'H272', 'H318']",1,0,0,0,0,0,0,1,0,0,0,0,0,0,0,0,0,0
Er2O3,,Erbium(III) oxide,,[],0,0,0,1,0,0,0,0,0,0,0,0,0,0,0,0,0,0
Er,Er,"Erbium, powder, ",7440-52-0,['H228'],0,1,0,0,0,0,0,0,0,0,0,0,0,0,0,0,0,0
Eu2O3,Eu2O3,Europium(III) oxide 99,1308-96-9,[],0,0,0,1,0,0,0,0,0,0,0,0,0,0,0,0,0,0
GdN3O9·6H2O,GdH12N3O15,Gadolinium(III) nitrate hexahydrate,19598-90-4,"['H319', 'H315', 'H335', 'H272']",1,0,0,0,0,0,0,1,0,0,0,0,0,0,0,0,0,0
Gd2O3,,Gadolinium(III) oxide,12064-62-9,['H319'],0,0,0,1,0,0,0,0,0,0,0,0,0,0,0,0,0,0
Gd,Gd,"Gadolinium, chips, 99",7440-54-2,['H261'],0,1,0,0,0,0,0,0,0,0,0,0,0,0,0,0,0,0
Ga2O3,Ga2O3,Gallium(III) oxide,12024-21-4,[],0,0,0,1,0,0,0,0,0,0,0,0,0,0,0,0,0,0
GeO2,GeO2,Germanium(IV) oxide 99,1310-53-8,['H302'],0,0,0,1,0,0,0,0,0,0,0,0,0,0,0,0,0,0
Au,Au,Gold,7440-57-5,[],0,1,0,0,0,0,0,0,0,0,0,0,0,0,0,0,0,0
Au2O3·xH2O,Au2H2O4,Gold(III) oxide hydrate,12512-29-7,"['H319', 'H315']",0,0,0,1,0,0,0,1,0,0,0,0,0,0,0,0,0,0
HfO2,HfO2,Hafnium(IV) oxide,12055-23-1,[],0,0,0,1,0,0,0,0,0,0,0,0,0,0,0,0,0,0
Ho,Ho,Holmium,7440-60-0,['H228'],0,1,0,0,0,0,0,0,0,0,0,0,0,0,0,0,0,0
HoN3O9·5H2O,H10HoN3O14,Holmium(III) nitrate pentahydrate,14483-18-2,"['H319', 'H315', 'H335', 'H272']",1,0,0,0,0,0,0,1,0,0,0,0,0,0,0,0,0,0
Ho2O3,,Holmium(III) oxide,12055-62-8,[],0,0,0,1,0,0,0,0,0,0,0,0,0,0,0,0,0,0
In,In,Indium,7440-74-6,"['H319', 'H315', 'H228', 'H332', 'H335']",0,1,0,0,0,0,0,0,0,0,0,0,0,0,0,0,0,0
In2O3,,Indium(III) oxide 99,1312-43-2,[],0,0,0,1,0,0,0,0,0,0,0,0,0,0,0,0,0,0
Ir,Ir,Iridium,7439-88-5,['H228'],0,1,0,0,0,0,0,0,0,0,0,0,0,0,0,0,0,0
IrO2,IrO2,Iridium(IV) oxide,12030-49-8,[],0,0,0,1,0,0,0,0,0,0,0,0,0,0,0,0,0,0
Fe3O4,,"Iron oxide(II,III), magnetic nanoparticles",,[],0,0,0,1,0,0,0,0,0,0,0,0,0,0,0,0,0,0
FeC2O4·2H2O,C2H4FeO6,Iron(II) oxalate dihydrate,6047-25-2,"['H312', 'H302']",0,0,0,0,0,0,0,1,0,0,0,0,1,0,0,0,0,0
FeO,FeO,Iron(II) oxide,1345-25-1,[],0,0,0,1,0,0,0,0,0,0,0,0,0,0,0,0,0,0
Fe2O3,,Iron(III) oxide,1309-37-1,[],0,0,0,1,0,0,0,0,0,0,0,0,0,0,0,0,0,0
C6H9LaO6·xH2O,,Lanthanum(III) acetate hydrate,100587-90-4,[],0,0,0,0,0,0,0,1,1,0,0,0,0,0,0,0,0,0
H3LaO3,H6LaO3,Lanthanum(III) hydroxide,14507-19-8,[],0,0,0,0,0,0,0,0,0,0,0,1,0,0,0,0,0,0
LaN3O9·6H2O,H12LaN3O15,Lanthanum(III) nitrate hexahydrate,10277-43-7,"['H410', 'H272', 'H318', 'H400']",1,0,0,0,0,0,0,1,0,0,0,0,0,0,0,0,0,0
La2O3,La2O3,Lanthanum(III) oxide for atomic absorption,1312-81-8,[],0,0,0,1,0,0,0,0,0,0,0,0,0,0,0,0,0,0
La,La,"Lanthanum, powder, ",7439-91-0,['H260'],0,1,0,0,0,0,0,0,0,0,0,0,0,0,0,0,0,0
C4H6O4Pb·3H2O,,Lead(II) acetate trihydrate,6080-56-4,"['H318', 'H400', 'H362', 'H410', 'H360Df', 'H372', 'H351']",0,0,0,0,0,0,0,1,1,0,0,0,0,0,0,0,0,0
OPb,OPb,Lead(II) oxide,1317-36-8,"['H361f', 'H400', 'H351', 'H332', 'H362', 'H302', 'H410', 'H373', 'H372', 'H360D']",0,0,0,1,0,0,0,0,0,0,0,0,0,0,0,0,0,0
O2Pb,O2Pb,Lead(IV) oxide,1309-60-0,"['H361f', 'H400', 'H332', 'H302', 'H272', 'H410', 'H373', 'H360D']",0,0,0,1,0,0,0,0,0,0,0,0,0,0,0,0,0,0
C2H3O2Li·2H2O,C2H7LiO4,Lithium acetate dihydrate,6108-17-4,[],0,0,0,0,0,0,0,1,1,0,0,0,0,0,0,0,0,0
Li2CO3,CLi2O3,"Lithium carbonate, battery grade, ",554-13-2,"['H319', 'H302']",0,0,0,0,0,0,0,0,0,1,0,0,0,0,0,0,0,0
HLi,HLi,Lithium hydride,7580-67-8,"['H260', 'H314', 'H301']",0,0,0,0,0,0,0,0,0,0,0,0,0,1,0,0,0,0
HLiO·H2O,H3LiO2,Lithium hydroxide monohydrate,1310-66-3,"['H314', 'H302', 'H318']",0,0,0,0,0,0,0,1,0,0,0,1,0,0,0,0,0,0
LiOH,HLiO,"Lithium hydroxide, anhydrous, 99",1310-65-2,"['H319', 'H318', 'H314', 'H302', 'H301']",0,0,0,0,0,0,0,0,0,0,0,1,0,0,0,0,0,0
Li2MoO4,Li2MoO4,Lithium molybdate,13568-40-6,"['H335', 'H319', 'H315']",0,0,0,1,0,0,0,0,0,0,0,0,0,0,0,0,0,0
LiNbO3,LiNbO3,Lithium niobate,12031-63-9,[],0,0,0,1,0,0,0,0,0,0,0,0,0,0,0,0,0,0
LiNO3,LiNO3,Lithium nitrate,7790-69-4,"['H302', 'H319', 'H272']",1,0,0,0,0,0,0,0,0,0,0,0,0,0,0,0,0,0
Li2O,,Lithium oxide,12057-24-8,['H314'],0,0,0,1,0,0,0,0,0,0,0,0,0,0,0,0,0,0
ClLiO4,ClLiO4,Lithium perchlorate,3/9/7791,"['H318', 'H314', 'H302', 'H335', 'H272']",0,0,0,0,0,0,0,0,0,0,0,0,0,0,1,0,0,0
LiO3Ta,,Lithium tantalate,12031-66-2,"['H312', 'H332', 'H302']",0,0,0,1,0,0,0,0,0,0,0,0,0,0,0,0,0,0
Li2O3Ti,,Lithium titanate,12031-82-2,[],0,0,0,1,0,0,0,0,0,0,0,0,0,0,0,0,0,0
Lu2O3,,Lutetium (III) oxide,12032-20-1,[],0,0,0,1,0,0,0,0,0,0,0,0,0,0,0,0,0,0
LuN3O9·xH2O,H2LuN3O10,Lutetium(III) nitrate hydrate,100641-16-5,"['H319', 'H315', 'H335', 'H272']",1,0,0,0,0,0,0,1,0,0,0,0,0,0,0,0,0,0
C4H6MgO4·4H2O,C4H14MgO8,Magnesium acetate tetrahydrate,16674-78-5,[],0,0,0,0,0,0,0,1,1,0,0,0,0,0,0,0,0,0
H2MgO2,,Magnesium hydroxide,1309-42-8,[],0,0,0,0,0,0,0,0,0,0,0,1,0,0,0,0,0,0
MgN2O6·6H2O,H12MgN2O12,Magnesium nitrate hexahydrate,13446-18-9,[],1,0,0,0,0,0,0,1,0,0,0,0,0,0,0,0,0,0
MgO,MgO,Magnesium oxide,1309-48-4,[],0,0,0,1,0,0,0,0,0,0,0,0,0,0,0,0,0,0
Mn,Mn,Manganese,7439-96-5,"['H260', 'H411']",0,1,0,0,0,0,0,0,0,0,0,0,0,0,0,0,0,0
C4H6MnO4·4H2O,C4H14MnO8,Manganese(II) acetate tetrahydrate,6156-78-1,"['H373', 'H412']",0,0,0,0,0,0,0,1,1,0,0,0,0,0,0,0,0,0
CMnO3,CMnO3,Manganese(II) carbonate,598-62-9,[],0,0,0,0,0,0,0,0,0,1,0,0,0,0,0,0,0,0
MnO,MnO,Manganese(II) oxide,1344-43-0,[],0,0,0,1,0,0,0,0,0,0,0,0,0,0,0,0,0,0
Mn3O4,Mn3O4,"Manganese(II,III) oxide",1317-35-7,['H361d'],0,0,0,1,0,0,0,0,0,0,0,0,0,0,0,0,0,0
Mn2O3,Mn2O3,Manganese(III) oxide,1317-34-6,"['H335', 'H319', 'H315']",0,0,0,1,0,0,0,0,0,0,0,0,0,0,0,0,0,0
Cl2Hg,Cl2Hg,Mercury(II) chloride,7487-94-7,"['H361f', 'H400', 'H314', 'H341', 'H410', 'H372', 'H300']",0,0,0,0,0,0,1,0,0,0,0,0,0,0,0,0,0,0
HgO,HgO,"Mercury(II) oxide red, for analysis EMSURE",21908-53-2,"['H400', 'H330', 'H410', 'H310', 'H373', 'H300']",0,0,0,1,0,0,0,0,0,0,0,0,0,0,0,0,0,0
Mo,Mo,Molybdenum,7439-98-7,[],0,1,0,0,0,0,0,0,0,0,0,0,0,0,0,0,0,0
MoO2,MoO2,Molybdenum(IV) oxide,18868-43-4,[],0,0,0,1,0,0,0,0,0,0,0,0,0,0,0,0,0,0
MoO3,MoO3,Molybdenum(VI) oxide for analysis EMSURE,1313-27-5,"['H335', 'H319', 'H351']",0,0,0,1,0,0,0,0,0,0,0,0,0,0,0,0,0,0
N3NdO9·6H2O,H12N3NdO15,Neodymium(III) nitrate hexahydrate,16454-60-7,"['H319', 'H315', 'H335', 'H272']",1,0,0,0,0,0,0,1,0,0,0,0,0,0,0,0,0,0
Nd2O3,Nd2O3,Neodymium(III) oxide 99,1313-97-9,[],0,0,0,1,0,0,0,0,0,0,0,0,0,0,0,0,0,0
Nd,Nd,"Neodymium, powder, ",7440-00-8,"['H319', 'H228', 'H251', 'H315']",0,1,0,0,0,0,0,0,0,0,0,0,0,0,0,0,0,0
Ni,Ni,Nickel,7440-02-0,"['H317', 'H412', 'H372', 'H351']",0,1,0,0,0,0,0,0,0,0,0,0,0,0,0,0,0,0
C4H6NiO4·4H2O,C4H14NiO8,Nickel(II) acetate tetrahydrate,6018-89-9,"['H317', 'H400', 'H332', 'H302', 'H341', 'H334', 'H410', 'H350', 'H373', 'H372', 'H360D']",0,0,0,0,0,0,0,1,1,0,0,0,0,0,0,0,0,0
H2NiO2,H4NiO2,Nickel(II) hydroxide,12054-48-7,"['H317', 'H315', 'H400', 'H332', 'H302', 'H341', 'H334', 'H410', 'H350i', 'H372', 'H360D']",0,0,0,0,0,0,0,0,0,0,0,1,0,0,0,0,0,0
Ni(NO3)2·6H2O,H12N2NiO12,Nickel(II) nitrate hexahydrate for analysis,13478-00-7,"['H317', 'H315', 'H318', 'H400', 'H332', 'H302', 'H360', 'H341', 'H334', 'H272', 'H410', 'H350', 'H373', 'H372']",1,0,0,0,0,0,0,1,0,0,0,0,0,0,0,0,0,0
NiO,NiO,Nickel(II) oxide,1313-99-1,"['H350i', 'H317', 'H413', 'H372']",0,0,0,1,0,0,0,0,0,0,0,0,0,0,0,0,0,0
Nb,Nb,Niobium,3/1/7440,[],0,1,0,0,0,0,0,0,0,0,0,0,0,0,0,0,0,0
NbO2,NbO2,Niobium(IV) oxide,12034-59-2,[],0,0,0,1,0,0,0,0,0,0,0,0,0,0,0,0,0,0
Nb2O5,Nb2O5,Niobium(V) oxide,1313-96-8,[],0,0,0,1,0,0,0,0,0,0,0,0,0,0,0,0,0,0
Os,Os,Osmium,4/2/7440,"['H335', 'H228', 'H315', 'H318']",0,1,0,0,0,0,0,0,0,0,0,0,0,0,0,0,0,0
O4Os,O4Os,Osmium tetroxide,20816-12-0,"['H318', 'H330', 'H314', 'H310', 'H300']",0,0,0,1,0,0,0,0,0,0,0,0,0,0,0,0,0,0
Pd,Pd,Palladium,5/3/7440,"['H319', 'H228', 'H335', 'H315']",0,1,0,0,0,0,0,0,0,0,0,0,0,0,0,0,0,0
(C2H3O2)2Pd,C4H6O4Pd,Palladium(II) acetate (47,3375-31-3,"['H317', 'H410', 'H318', 'H400']",0,0,0,0,0,0,0,0,1,0,0,0,0,0,0,0,0,0
OPd,OPd,Palladium(II) oxide,1314-08-5,['H272'],0,0,0,1,0,0,0,0,0,0,0,0,0,0,0,0,0,0
Pt,Pt,Platinum,6/4/7440,['H228'],0,1,0,0,0,0,0,0,0,0,0,0,0,0,0,0,0,0
O2Pt,O2Pt,Platinum(IV) oxide,1314-15-4,['H271'],0,0,0,1,0,0,0,0,0,0,0,0,0,0,0,0,0,0
K,K,Potassium,9/7/7440,"['H260', 'H314', 'H318']",0,1,0,0,0,0,0,0,0,0,0,0,0,0,0,0,0,0
KHCO3,CHKO3,Potassium bicarbonate,298-14-6,[],0,0,0,0,0,0,0,0,0,1,0,0,0,0,0,0,0,0
K2CO3,CK2O3,Potassium carbonate,584-08-7,"['H335', 'H319', 'H315']",0,0,0,0,0,0,0,0,0,1,0,0,0,0,0,0,0,0
KClO3,ClKO3,Potassium chlorate,4/9/3811,"['H271', 'H411', 'H332', 'H302']",0,0,0,0,0,0,0,0,0,0,0,0,0,0,1,0,0,0
Cr2K2O7,Cr2K2O7,Potassium dichromate,7778-50-9,"['H340', 'H317', 'H318', 'H400', 'H330', 'H314', 'H360FD', 'H334', 'H335', 'H312', 'H272', 'H410', 'H350', 'H372', 'H301']",0,0,0,0,0,1,0,0,0,0,0,0,0,0,0,0,0,0
KO2,,Potassium dioxide,12030-88-5,"['H271', 'H314']",0,0,0,1,0,0,0,0,0,0,0,0,0,0,0,0,0,0
HKO,HKO,Potassium hydroxide,1310-58-3,"['H315', 'H318', 'H319', 'H314', 'H302', 'H290']",0,0,0,0,0,0,0,0,0,0,0,1,0,0,0,0,0,0
K2MoO4,K2MoO4,Potassium molybdate,13446-49-6,[],0,0,0,1,0,0,0,0,0,0,0,0,0,0,0,0,0,0
KNO3,KNO3,Potassium nitrate,7757-79-1,['H272'],1,0,0,0,0,0,0,0,0,0,0,0,0,0,0,0,0,0
ClKO4,ClKO4,Potassium perchlorate,7778-74-7,"['H271', 'H302']",0,0,0,0,0,0,0,0,0,0,0,0,0,0,1,0,0,0
K2O4W,K2O4W,Potassium tungstate,7790-60-5,[],0,0,0,1,0,0,0,0,0,0,0,0,0,0,0,0,0,0
N3O9Pr·6H2O,H12N3O15Pr,Praseodymium(III) nitrate hexahydrate,15878-77-0,"['H319', 'H315', 'H400', 'H272', 'H410']",1,0,0,0,0,0,0,1,0,0,0,0,0,0,0,0,0,0
O3Pr2,O3Pr2,Praseodymium(III) oxide,12036-32-7,[],0,0,0,1,0,0,0,0,0,0,0,0,0,0,0,0,0,0
O11Pr6,,"Praseodymium(III,IV) oxide",12037-29-5,[],0,0,0,1,0,0,0,0,0,0,0,0,0,0,0,0,0,0
Pr,Pr,"Praseodymium, powder, Pr, max",7440-10-0,"['H319', 'H413', 'H315', 'H250']",0,1,0,0,0,0,0,0,0,0,0,0,0,0,0,0,0,0
Re,Re,Rhenium,7440-15-5,['H228'],0,1,0,0,0,0,0,0,0,0,0,0,0,0,0,0,0,0
O2Re,O2Re,Rhenium(IV) oxide,12036-09-8,[],0,0,0,1,0,0,0,0,0,0,0,0,0,0,0,0,0,0
O3Re,O3Re,Rhenium(VI) oxide,1314-28-9,"['H335', 'H319']",0,0,0,1,0,0,0,0,0,0,0,0,0,0,0,0,0,0
O7Re2,O7Re2,Rhenium(VII) oxide,1314-68-7,['H314'],0,0,0,1,0,0,0,0,0,0,0,0,0,0,0,0,0,0
Rh,Rh,Rhodium,7440-16-6,[],0,1,0,0,0,0,0,0,0,0,0,0,0,0,0,0,0,0
O3Rh2,,Rhodium(III) oxide,12036-35-0,[],0,0,0,1,0,0,0,0,0,0,0,0,0,0,0,0,0,0
Rb,Rb,Rubidium,7440-17-7,"['H260', 'H314', 'H318']",0,1,0,0,0,0,0,0,0,0,0,0,0,0,0,0,0,0
CO3Rb2,CO3Rb2,Rubidium carbonate,584-09-8,"['H335', 'H314', 'H318']",0,0,0,0,0,0,0,0,0,1,0,0,0,0,0,0,0,0
NO3Rb,NO3Rb,Rubidium nitrate,13126-12-0,['H272'],1,0,0,0,0,0,0,0,0,0,0,0,0,0,0,0,0,0
Ru,Ru,Ruthenium,7440-18-8,[],0,1,0,0,0,0,0,0,0,0,0,0,0,0,0,0,0,0
O2Ru,O2Ru,Ruthenium(IV) oxide,12036-10-1,['H319'],0,0,0,1,0,0,0,0,0,0,0,0,0,0,0,0,0,0
Sm,Sm,Samarium,7440-19-9,"['H228', 'H261']",0,1,0,0,0,0,0,0,0,0,0,0,0,0,0,0,0,0
N3O9Sm·6H2O,H12N3O15Sm,Samarium(III) nitrate hexahydrate,13759-83-6,"['H319', 'H315', 'H335', 'H272']",1,0,0,0,0,0,0,1,0,0,0,0,0,0,0,0,0,0
O3Sm2,O3Sm2,Samarium(III) oxide,12060-58-1,[],0,0,0,1,0,0,0,0,0,0,0,0,0,0,0,0,0,0
Sc2O3,O3Sc2,Scandium(III) oxide,12060-08-1,[],0,0,0,1,0,0,0,0,0,0,0,0,0,0,0,0,0,0
H2O4Se,H2O4Se,Selenic acid solution,8/6/7783,"['H318', 'H400', 'H314', 'H410', 'H331', 'H373', 'H301']",0,0,0,0,0,0,0,0,0,0,0,0,0,0,0,1,0,0
Se,Se,Selenium,7782-49-2,"['H413', 'H373', 'H301', 'H331']",0,1,0,0,0,0,0,0,0,0,0,0,0,0,0,0,0,0
O2Se,O2Se,Selenium dioxide,8/4/7446,"['H400', 'H410', 'H331', 'H373', 'H301']",0,0,0,1,0,0,0,0,0,0,0,0,0,0,0,0,0,0
H2O3Se,H2O3Se,Selenous acid,7783-00-8,"['H400', 'H410', 'H331', 'H373', 'H301']",0,0,0,0,0,0,0,0,0,0,0,0,0,0,0,1,0,0
Ag,Ag,Silver,7440-22-4,"['H410', 'H400']",0,1,0,0,0,0,0,0,0,0,0,0,0,0,0,0,0,0
C2H3AgO2,C2H3AgO2,Silver acetate,563-63-3,"['H335', 'H319', 'H315', 'H400']",0,0,0,0,0,0,0,0,1,0,0,0,0,0,0,0,0,0
Ag2CO3,Compound(92796),"Silver Carbonate,Technipur(TM),",534-16-7,"['H410', 'H318', 'H400']",0,0,0,0,0,0,0,0,0,1,0,0,0,0,0,0,0,0
AgxO,Ag2O,Silver oxide,11113-88-5,"['H319', 'H315', 'H335', 'H272']",0,0,0,1,0,0,0,0,0,0,0,0,0,0,0,0,0,0
Ag2O,,Silver(I) oxide,20667-12-3,"['H271', 'H410', 'H318', 'H400']",0,0,0,1,0,0,0,0,0,0,0,0,0,0,0,0,0,0
Na,Na,Sodium,7440-23-5,"['H318', 'H260', 'H314']",0,1,0,0,0,0,0,0,0,0,0,0,0,0,0,0,0,0
N3Na,N3Na,Sodium azide,26628-22-8,"['H400', 'H330', 'H410', 'H310', 'H373', 'H300']",0,0,1,0,0,0,0,0,0,0,0,0,0,0,0,0,0,0
CHNaO3,CHNaO3,Sodium Bicarbonate (3 g),144-55-8,[],0,0,0,0,0,0,0,0,0,1,0,0,0,0,0,0,0,0
CNa2O3,CNa2O3,Sodium carbonate concentrate,497-19-8,['H319'],0,0,0,0,0,0,0,0,0,1,0,0,0,0,0,0,0,0
ClNaO3,ClNaO3,Sodium chlorate,9/9/7775,"['H271', 'H411', 'H302']",0,0,0,0,0,0,0,0,0,0,0,0,0,0,1,0,0,0
NaOH,HNaO,Sodium hydroxide,1310-73-2,"['H319', 'H315', 'H318', 'H314', 'H290']",0,0,0,0,0,0,0,0,0,0,0,1,0,0,0,0,0,0
NaO3V,NaO3V,Sodium metavanadate,13718-26-8,"['H319', 'H332', 'H301', 'H411', 'H361fd', 'H372']",0,0,0,1,0,0,0,0,0,0,0,0,0,0,0,0,0,0
MoNa2O4,MoNa2O4,Sodium molybdate,7631-95-0,[],0,0,0,1,0,0,0,0,0,0,0,0,0,0,0,0,0,0
NNaO3,NNaO3,Sodium nitrate,7631-99-4,"['H319', 'H272']",1,0,0,0,0,0,0,0,0,0,0,0,0,0,0,0,0,0
NNaO2,NNaO2,Sodium nitrite,7632-00-0,"['H319', 'H301', 'H272', 'H400']",0,0,0,0,0,0,0,0,0,0,0,0,0,0,0,0,1,0
Na3O4V,Na3O4V,Sodium orthovanadate,13721-39-6,"['H319', 'H315', 'H332', 'H302', 'H312']",0,0,0,1,0,0,0,0,0,0,0,0,0,0,0,0,0,0
C2Na2O4,C2Na2O4,Sodium oxalate,62-76-0,"['H312', 'H302']",0,0,0,0,0,0,0,0,0,0,0,0,1,0,0,0,0,0
Na2O,Na2O,Sodium oxide,1313-59-3,"['H271', 'H314', 'H318']",0,0,0,1,0,0,0,0,0,0,0,0,0,0,0,0,0,0
Na2O2,Na2O2,Sodium peroxide for synthesis,1313-60-6,"['H271', 'H314']",0,0,0,0,0,0,0,0,0,0,0,0,0,0,0,0,0,1
Na2O4W·2H2O,H4Na2O6W,Sodium tungstate dihydrate,10213-10-2,['H302'],0,0,0,1,0,0,0,1,0,0,0,0,0,0,0,0,0,0
Sr,Sr,Strontium,7440-24-6,"['H260', 'H315']",0,1,0,0,0,0,0,0,0,0,0,0,0,0,0,0,0,0
CO3Sr,CO3Sr,Strontium carbonate,1633-05-2,[],0,0,0,0,0,0,0,0,0,1,0,0,0,0,0,0,0,0
H2O2Sr,H2O2Sr,Strontium hydroxide,18480-07-4,"['H314', 'H318']",0,0,0,0,0,0,0,0,0,0,0,1,0,0,0,0,0,0
N2O6Sr,N2O6Sr,Strontium nitrate,10042-76-9,"['H271', 'H318']",1,0,0,0,0,0,0,0,0,0,0,0,0,0,0,0,0,0
OSr,,Strontium oxide,1314-11-0,['H314'],0,0,0,1,0,0,0,0,0,0,0,0,0,0,0,0,0,0
O2Sr,O2Sr,Strontium peroxide,1314-18-7,"['H335', 'H315', 'H272', 'H318']",0,0,0,0,0,0,0,0,0,0,0,0,0,0,0,0,0,1
Ta,Ta,Tantalum,7440-25-7,['H228'],0,1,0,0,0,0,0,0,0,0,0,0,0,0,0,0,0,0
O5Ta2,,Tantalum(V) oxide,1314-61-0,[],0,0,0,1,0,0,0,0,0,0,0,0,0,0,0,0,0,0
H6O6Te,H6O6Te,Telluric acid,7803-68-1,['H332'],0,0,0,0,0,0,0,0,0,0,0,0,0,0,0,0,1,0
Te,Te,Tellurium,13494-80-9,"['H317', 'H332', 'H362', 'H413', 'H360Df']",0,1,0,0,0,0,0,0,0,0,0,0,0,0,0,0,0,0
O2Te,O2Te,Tellurium dioxide,7/3/7446,"['H317', 'H332', 'H362', 'H411', 'H360Df']",0,0,0,1,0,0,0,0,0,0,0,0,0,0,0,0,0,0
Tb,Tb,Terbium,7440-27-9,"['H319', 'H315', 'H228', 'H251', 'H413']",0,1,0,0,0,0,0,0,0,0,0,0,0,0,0,0,0,0
N3O9Tb·6H2O,H12N3O15Tb,Terbium(III) nitrate hexahydrate,13451-19-9,"['H319', 'H315', 'H335', 'H272']",1,0,0,0,0,0,0,1,0,0,0,0,0,0,0,0,0,0
Tb2O3,,Terbium(III) oxide,12036-41-8,"['H335', 'H319', 'H315']",0,0,0,1,0,0,0,0,0,0,0,0,0,0,0,0,0,0
Tl,Tl,Thallium,7440-28-0,"['H330', 'H413', 'H373', 'H300']",0,1,0,0,0,0,0,0,0,0,0,0,0,0,0,0,0,0
CO3Tl2,CO3Tl2,Thallium(I) carbonate,6533-73-9,"['H330', 'H411', 'H373', 'H300']",0,0,0,0,0,0,0,0,0,1,0,0,0,0,0,0,0,0
NO3Tl,,Thallium(I) nitrate,10102-45-1,"['H330', 'H411', 'H373', 'H300']",1,0,0,0,0,0,0,0,0,0,0,0,0,0,0,0,0,0
O3Tl2,O3Tl2,Thallium(III) oxide,1314-32-5,"['H330', 'H411', 'H373', 'H300']",0,0,0,1,0,0,0,0,0,0,0,0,0,0,0,0,0,0
O3Tm2,,Thulium(III) oxide,12036-44-1,[],0,0,0,1,0,0,0,0,0,0,0,0,0,0,0,0,0,0
Sn,Sn,Tin,7440-31-5,[],0,1,0,0,0,0,0,0,0,0,0,0,0,0,0,0,0,0
OSn,OSn,Tin(II) oxide,21651-19-4,"['H372', 'H319', 'H317', 'H302']",0,0,0,1,0,0,0,0,0,0,0,0,0,0,0,0,0,0
O2Sn,O2Sn,Tin(IV) oxide,18282-10-5,[],0,0,0,1,0,0,0,0,0,0,0,0,0,0,0,0,0,0
Ti,Ti,Titanium,7440-32-6,['H228'],0,1,0,0,0,0,0,0,0,0,0,0,0,0,0,0,0,0
O3Ti2,O3Ti2,Titanium(III) oxide,1344-54-3,[],0,0,0,1,0,0,0,0,0,0,0,0,0,0,0,0,0,0
TiO2,O2Ti,Titanium(IV) oxide,13463-67-7,[],0,0,0,1,0,0,0,0,0,0,0,0,0,0,0,0,0,0
BH3O3,BH3O3,Trace Metal Mix A5 with Co,10043-35-3,['H360FD'],0,0,0,0,0,0,0,0,0,0,0,0,0,0,0,1,0,0
W,W,Tungsten,7440-33-7,[],0,1,0,0,0,0,0,0,0,0,0,0,0,0,0,0,0,0
O2W,O2W,Tungsten(IV) oxide,12036-22-5,[],0,0,0,1,0,0,0,0,0,0,0,0,0,0,0,0,0,0
O3W,O3W,Tungsten(VI) oxide,1314-35-8,[],0,0,0,1,0,0,0,0,0,0,0,0,0,0,0,0,0,0
V,V,Vanadium,7440-62-2,[],0,1,0,0,0,0,0,0,0,0,0,0,0,0,0,0,0,0
O3V2,O3V2,Vanadium(III) oxide,1314-34-7,"['H332', 'H319']",0,0,0,1,0,0,0,0,0,0,0,0,0,0,0,0,0,0
O2V,O2V,Vanadium(IV) oxide,12036-21-4,[],0,0,0,1,0,0,0,0,0,0,0,0,0,0,0,0,0,0
O5V2,O5V2,Vanadium(V) oxide,1314-62-1,"['H330', 'H362', 'H341', 'H411', 'H335', 'H361fd', 'H350', 'H372', 'H301']",0,0,0,1,0,0,0,0,0,0,0,0,0,0,0,0,0,0
O3Yb2,O3Yb2,Ytterbium(III) oxide,1314-37-0,[],0,0,0,1,0,0,0,0,0,0,0,0,0,0,0,0,0,0
Yb,Yb,"Ytterbium, powder, ",7440-64-4,"['H315', 'H319', 'H228', 'H332', 'H302', 'H335', 'H312']",0,1,0,0,0,0,0,0,0,0,0,0,0,0,0,0,0,0
Y,Y,Yttrium,7440-65-5,[],0,1,0,0,0,0,0,0,0,0,0,0,0,0,0,0,0,0
N3O9Y·6H2O,H12N3O15Y,Yttrium(III) nitrate hexahydrate,13494-98-9,"['H410', 'H302', 'H318', 'H400']",1,0,0,0,0,0,0,1,0,0,0,0,0,0,0,0,0,0
O3Y2,O3Y2,Yttrium(III) oxide,1314-36-9,[],0,0,0,1,0,0,0,0,0,0,0,0,0,0,0,0,0,0
C4H6O4Zn·2H2O,C4H10O6Zn,Zinc acetate dihydrate,5970-45-6,"['H411', 'H302', 'H318']",0,0,0,0,0,0,0,1,1,0,0,0,0,0,0,0,0,0
H2O2Zn,H2O2Zn,Zinc peroxide,1314-22-3,"['H319', 'H315', 'H400', 'H271', 'H410']",0,0,0,0,0,0,0,0,0,0,0,0,0,0,0,0,0,1
ZrN,NZr,"Zirconium Nitride, powder, ZrN, max",25658-42-8,[],0,0,1,0,0,0,0,0,0,0,0,0,0,0,0,0,0,0
O2Zr,,Zirconium(IV) oxide,1314-23-4,[],0,0,0,1,0,0,0,0,0,0,0,0,0,0,0,0,0,0
Cl2OZr·8H2O,Cl2H18O9Zr,Zirconyl chloride octahydrate,13520-92-8,['H314'],0,0,0,0,0,0,1,1,0,0,0,0,0,0,0,0,0,0
ZnO,C2H6O,Zinc oxide,1314-13-2,"['H411', 'H410']",0,0,0,1,0,0,0,0,0,0,0,0,0,0,0,0,0,0
